Class,ID,Severity,Ruleset(s),Message,Description,Guidance,Context (Xpath),Test (Xpath)
iati,0.0.1,Information,iati,Congratulations! This IATI activity file has successfully passed validation with no errors!,,,/*,"not(//me:feedback[@type=('danger', 'critical')])"
iati,0.1.1,Critical,iati,"The file is not a proper XML file. The raw feedback from xmllint: {unparsed-text(""/workspace/tmp/xmltestlog/"" || $filename)} (not possible to present, maybe a binary file)",,,/not-an-xml-file,
iati,0.2.1,Critical,iati,The file is not an IATI file.,,,/not-an-iati-file,
iati,0.3.1,Critical,iati,"This file fails schema validation. Please see below for technical details. If you are the owner of this files, please show this output to your publishing tool provider or technical team. {unparsed-text(""/workspace/tmp/xmlschemalog/"" || $filename)} (not possible to present, maybe a binary file)",,,iati-file-with-schema-errors,
iati,0.4.1,Critical,iati,"This file is not valid XML and fails schema validation. Please see below for technical details. If you are the owner of this files, please show this output to your publishing tool provider or technical team. The raw feedback from XML validation: {unparsed-text(""/workspace/tmp/xmltestlog/"" || $filename)} (not possible to present, maybe a binary file) The raw feedback from schema validation of a recovered version of the file: {unparsed-text(""/workspace/tmp/xmlschemalog/"" || $filename)} (not possible to present, maybe a binary file)",,,recovered-iati-file-with-schema-errors,
iati,0.5.1,Critical,iati,"The file is not valid XML. Please see below for technical details. If you are the owner of this files, please show this output to your publishing tool provider or technical team. {unparsed-text(""/workspace/tmp/xmltestlog/"" || $filename)} (not possible to present, maybe a binary file) A recovered version does pass schema validation as valid IATI, but may not contain all information.",,,recovered-iati-file,
documents,0.6.1,Error,iati:1.0x,Version {me:iati-version(@version)} of the IATI Standard is no longer supported. Please use other versions.,,https://iatistandard.org/en/news/notice-iati-standard-version-1-is-deprecated/,"/*[starts-with(@version, '1.')]",
identifiers,1.1.1,Warning,iati,The activity identifier should begin with the organisation identifier of the reporting organisation (or a previous version included in the other-identifier element).,,,iati-identifier,"not(some $id in (../reporting-org/@ref, ../other-identifier[@type='B1']/@ref) satisfies starts-with(., $id))"
identifiers,1.1.2,Error,iati,The activity identifier must not occur multiple times in the dataset.,,{me:iati-url('activity-standard/iati-activities/iati-activity/iati-identifier/')},iati-identifier,../../iati-activity[iati-identifier=current()][2]
identifiers,1.1.21,Warning,iati:2.03,The activity identifier's prefix and suffix should be separated by a hyphen e.g. XM-DAC-2222,,{me:iati-url('activity-standard/iati-activities/iati-activity/iati-identifier/')},iati-identifier,"$iati-version = '2.03' and not(some $id in (../reporting-org/@ref, ../other-identifier[@type='B1']/@ref) satisfies matches(., functx:escape-for-regex($id) || '-.+'))"
identifiers,1.1.3,Error,iati,The activity identifier must not be the same as the organisation identifier of the reporting organisation.,,{me:iati-url('activity-standard/iati-activities/iati-activity/iati-identifier/')},iati-identifier,. = ../reporting-org/@ref
financial,1.10.1,Warning,,The identifier should not start or end with spaces or newlines.,,,provider-org/@ref,$item != functx:trim($item)
financial,1.10.13,Warning,,"The identifier must not contain any of the symbols /, &, | or ?.",,,provider-org/@ref,"matches($item, '[/&|?]')"
participating,1.11.1,Warning,,The identifier should not start or end with spaces or newlines.,,,owner-org/@ref,$item != functx:trim($item)
participating,1.11.13,Warning,,"The identifier must not contain any of the symbols /, &, | or ?.",,,owner-org/@ref,"matches($item, '[/&|?]')"
organisation,1.12.1,Warning,2.0x,The identifier should not start or end with spaces or newlines.,,,organisation-identifier,$item != functx:trim($item)
organisation,1.12.13,Warning,2.0x,"The identifier must not contain any of the symbols /, &, | or ?.",,,organisation-identifier,"matches($item, '[/&|?]')"
identifiers,1.14.1,Warning,,The identifier should not start or end with spaces or newlines.,,,reporting-org/@ref,$item != functx:trim($item)
identifiers,1.14.12,Warning,iati:2.x,The activity's organisation identifier should be an organisation identifier approved by the IATI registry.,,,reporting-org,not(@ref=$known-publisher-ids)
identifiers,1.14.13,Warning,,"The identifier must not contain any of the symbols /, &, | or ?.",,,reporting-org/@ref,"matches($item, '[/&|?]')"
identifiers,1.14.8,Warning,iati:2.x,The identifier does not start with a known prefix.,,http://org-id.guide,reporting-org,"not(some $prefix in $org-id-prefixes satisfies starts-with(@ref, $prefix||'-'))"
organisation,1.15.1,Warning,,The identifier should not start or end with spaces or newlines.,,,receiver-org/@ref,$item != functx:trim($item)
organisation,1.15.13,Warning,,"The identifier must not contain any of the symbols /, &, | or ?.",,,receiver-org/@ref,"matches($item, '[/&|?]')"
identifiers,1.16.1,Warning,,The identifier should not start or end with spaces or newlines.,,,other-identifier[upper-case(@type)=('B1')]/@ref,$item != functx:trim($item)
identifiers,1.3.1,Warning,,The identifier should not start or end with spaces or newlines.,,,iati-identifier,$item != functx:trim($item)
identifiers,1.3.11,Warning,iati:2.x,The activity identifier should begin with an organisation identifier approved by the IATI registry.,,,iati-identifier,"not(some $known-id in $known-publisher-ids satisfies starts-with(., $known-id || '-'))"
identifiers,1.3.13,Warning,,"The identifier must not contain any of the symbols /, &, | or ?.",,,iati-identifier,"matches($item, '[/&|?]')"
financial,1.4.1,Warning,,The identifier should not start or end with spaces or newlines.,,,@provider-activity-id,$item != functx:trim($item)
financial,1.5.1,Warning,,The identifier should not start or end with spaces or newlines.,,,@receiver-activity-id,$item != functx:trim($item)
identifiers,1.6.1,Warning,,The identifier should not start or end with spaces or newlines.,,,other-identifier[upper-case(@type)=('A3')]/@ref,$item != functx:trim($item)
identifiers,1.7.1,Warning,,The identifier should not start or end with spaces or newlines.,,,related-activity/@ref,$item != functx:trim($item)
identifiers,1.7.2,Error,iati,Organisation Identifier must be present.,,{me:iati-url('activity-standard/iati-activities/iati-activity/reporting-org/')},reporting-org,not(@ref)
participating,1.8.1,Warning,,The identifier should not start or end with spaces or newlines.,,,participating-org/@ref,$item != functx:trim($item)
participating,1.8.13,Warning,,"The identifier must not contain any of the symbols /, &, | or ?.",,,participating-org/@ref,"matches($item, '[/&|?]')"
participating,1.9.1,Warning,,The identifier should not start or end with spaces or newlines.,,,@activity-id,$item != functx:trim($item)
information,102.1.1,Warning,iati,"When reporting sectors at transaction level, it is recommended that if a publisher uses a non-DAC classification system or systems, these should be used in addition to DAC 5-digit codes.",,https://drive.google.com/file/d/1GNnjeqDIyWwuuIkJ8pMjLhE99R_olSJP/view,(iati-activity|transaction)[sector],"not(sector[@vocabulary=('1','') or not(@vocabulary)])"
information,103.1.1,Warning,iati,The activity should also have a region using the OECD DAC region vocabulary.,,https://drive.google.com/file/d/1GNnjeqDIyWwuuIkJ8pMjLhE99R_olSJP/view,iati-activity[recipient-region],"not(recipient-region/@vocabulary=('1','') or recipient-region[not(@vocabulary)])"
information,106.1.1,Warning,iati,The activity should also have a policy-marker using the OECD DAC vocabulary.,,https://drive.google.com/file/d/1GNnjeqDIyWwuuIkJ8pMjLhE99R_olSJP/view,iati-activity[policy-marker],"not(policy-marker/@vocabulary=('1','') or not(policy-marker/@vocabulary))"
information,107.1.1,Warning,iati:2.03,The activity should also contain a code from the DAC Type of Aid Vocabulary.,,,iati-activity[default-aid-type],"not(default-aid-type/@vocabulary=('1','') or not(default-aid-type/@vocabulary))"
financial,107.1.2,Warning,iati:2.03,Each selected default-aid-type vocabulary should only be used once for each activity.,,,iati-activity[default-aid-type],"count(default-aid-type[@vocabulary=('1','') or not(@vocabulary)]) > 1 or (some $v in (default-aid-type/@vocabulary[. != ('1', '')]) satisfies count(default-aid-type[@vocabulary=$v]) > 1)"
financial,107.2.1,Warning,iati:2.03,The transaction should also contain a code from the DAC Type of Aid Vocabulary.,,,transaction[aid-type],"not(aid-type/@vocabulary=('1','') or not(aid-type/@vocabulary))"
financial,107.2.2,Warning,iati:2.03,Each selected aid-type vocabulary should only be used once for each transaction.,,,transaction[aid-type],"count(aid-type[@vocabulary=('1','') or not(@vocabulary)]) > 1 or (some $v in (aid-type/@vocabulary[. != ('1', '')]) satisfies count(aid-type[@vocabulary=$v]) > 1)"
information,11.1.1,Error,iati,The last-updated-datetime of the activity must not be in the future.,,{me:iati-url('activity-standard/iati-activities/iati-activity/')},iati-activity,@last-updated-datetime and @last-updated-datetime castable as xs:dateTime and xs:dateTime(@last-updated-datetime) gt $now
information,11.1.2,Error,iati,The planned start date must be before the planned end date.,,https://drive.google.com/file/d/1-R-xGMCrAKiadMBIHsNc4Xvl75CB0IV1/view,iati-activity,activity-date[@type='1']/@iso-date and activity-date[@type='1']/@iso-date castable as xs:date and activity-date[@type='3']/@iso-date and activity-date[@type='3']/@iso-date castable as xs:date and xs:date(activity-date[@type='1']/@iso-date) gt xs:date(activity-date[@type='3']/@iso-date)
information,11.1.3,Error,iati,The actual start date must be before the actual end date.,,https://drive.google.com/file/d/1-R-xGMCrAKiadMBIHsNc4Xvl75CB0IV1/view,iati-activity,activity-date[@type='2']/@iso-date and activity-date[@type='2']/@iso-date castable as xs:date and activity-date[@type='4']/@iso-date and activity-date[@type='4']/@iso-date castable as xs:date and xs:date(activity-date[@type='2']/@iso-date) gt xs:date(activity-date[@type='4']/@iso-date)
information,11.1.4,Error,iati,The actual start date of the activity must not be in the future.,,https://drive.google.com/file/d/1-R-xGMCrAKiadMBIHsNc4Xvl75CB0IV1/view,iati-activity,activity-date[@type='2']/@iso-date and activity-date[@type='2']/@iso-date castable as xs:date and xs:date(activity-date[@type='2']/@iso-date) gt xs:date($now)
information,11.1.5,Error,iati,The actual end date of the activity must not be in the future.,,https://drive.google.com/file/d/1-R-xGMCrAKiadMBIHsNc4Xvl75CB0IV1/view,iati-activity,activity-date[@type='4']/@iso-date and activity-date[@type='4']/@iso-date castable as xs:date and xs:date(activity-date[@type='4']/@iso-date) gt xs:date($now)
financial,11.2.1,Error,iati,The transaction date must not be in the future.,,https://drive.google.com/file/d/1E3hztk6gWTW5DypLELeSwW5X-Ahg0yjm/view,transaction,transaction-date/@iso-date and transaction-date/@iso-date castable as xs:date and xs:date(transaction-date/@iso-date) gt xs:date($now)
financial,11.2.2,Error,iati,The transaction value date must not be in the future.,,https://drive.google.com/file/d/1E3hztk6gWTW5DypLELeSwW5X-Ahg0yjm/view,transaction,value/@value-date and value/@value-date castable as xs:date and xs:date(value/@value-date) gt xs:date($now)
financial,11.3.1,Error,iati,The budget line value date must be in the budget period.,,https://drive.google.com/file/d/1mv2Q666tKBOAoiy5JayslmZNetxDM1uu/view,budget-line/value[@value-date],@value-date castable as xs:date and ../../period-start/@iso-date and ../../period-start/@iso-date castable as xs:date and ../../period-end/@iso-date and ../../period-end/@iso-date castable as xs:date and xs:date(@value-date) lt xs:date(../../period-start/@iso-date) or xs:date(@value-date) gt xs:date(../../period-end/@iso-date)
information,11.4.1,Error,iati,The last-updated-datetime of the organisation must not be in the future.,,https://drive.google.com/file/d/1-R-xGMCrAKiadMBIHsNc4Xvl75CB0IV1/view,iati-organisation,@last-updated-datetime and @last-updated-datetime castable as xs:dateTime and xs:dateTime(@last-updated-datetime) gt $now
geo,12.1.1,Error,iati:2.03,The percentage must be between 0.0 and 100.0 (inclusive).,,https://drive.google.com/file/d/18P3vSUKK2iWCnXCrORDVAHR8K_EIg8Pp/view,(recipient-country|recipient-region)[@percentage],$iati-version = '2.03' and @percentage castable as xs:decimal and (xs:decimal(@percentage) lt 0 or xs:decimal(@percentage) gt 100)
geo,12.1.2,Error,iati:< 2.03,The percentage must be 0.0 or positive.,,https://drive.google.com/file/d/18P3vSUKK2iWCnXCrORDVAHR8K_EIg8Pp/view,(recipient-country|recipient-region)[@percentage],$iati-version ne '2.03' and @percentage castable as xs:decimal and xs:decimal(@percentage) lt 0
financial,12.2.1,Error,iati:2.03,The percentage must be between 0.0 and 100.0 (inclusive).,,me:iati-url('activity-standard/iati-activities/iati-activity/capital-spend/'),(capital-spend|budget-item)[@percentage],$iati-version = '2.03' and @percentage castable as xs:decimal and (xs:decimal(@percentage) lt 0 or xs:decimal(@percentage) gt 100)
financial,12.2.2,Error,iati:< 2.03,The percentage must be 0.0 or positive.,,me:iati-url('activity-standard/iati-activities/iati-activity/capital-spend/'),(capital-spend|budget-item)[@percentage],$iati-version ne '2.03' and @percentage castable as xs:decimal and xs:decimal(@percentage) lt 0
classifications,12.3.1,Error,iati:2.03,The percentage must be between 0.0 and 100.0 (inclusive).,,https://drive.google.com/file/d/1GNnjeqDIyWwuuIkJ8pMjLhE99R_olSJP/view,sector[@percentage],$iati-version = '2.03' and @percentage castable as xs:decimal and (xs:decimal(@percentage) lt 0 or xs:decimal(@percentage) gt 100)
classifications,12.3.2,Error,iati:< 2.03,The percentage must be 0.0 or positive.,,https://drive.google.com/file/d/1GNnjeqDIyWwuuIkJ8pMjLhE99R_olSJP/view,sector[@percentage],$iati-version ne '2.03' and @percentage castable as xs:decimal and xs:decimal(@percentage) lt 0
geo,12.4.1,Error,iati,The percentage must be a numerical value.,,https://drive.google.com/file/d/18P3vSUKK2iWCnXCrORDVAHR8K_EIg8Pp/view,@percentage,not(. castable as xs:decimal)
classifications,2.1.1,,,"Percentages are missing for one or more sectors, within a vocabulary (e.g. 1 - OECD DAC).",,{me:iati-url(https://drive.google.com/file/d/1GNnjeqDIyWwuuIkJ8pMjLhE99R_olSJP/view)},iati-activity[sector],count($group[not(@percentage)]) > 0
classifications,2.1.2,,,"Percentages for sectors, within a vocabulary (e.g. 1 - OECD DAC) must add up to 100%.",,{me:iati-url(https://drive.google.com/file/d/1GNnjeqDIyWwuuIkJ8pMjLhE99R_olSJP/view)},iati-activity[sector],abs(sum($group/@percentage[. castable as xs:decimal])-100) > 0.0101
classifications,2.1.4,,,"For a single sector, the percentage must either be omitted, or set to 100.",,{me:iati-url(https://drive.google.com/file/d/1GNnjeqDIyWwuuIkJ8pMjLhE99R_olSJP/view)},iati-activity[sector],$group/@percentage and $group/@percentage castable as xs:decimal and xs:decimal($group/@percentage) !=100
classifications,2.2.1,Error,iati,"When using a reporting organisation sector code, it must include a narrative.",,https://drive.google.com/file/d/1GNnjeqDIyWwuuIkJ8pMjLhE99R_olSJP/view,"sector[@vocabulary=('98', '99')]",not(narrative)
geo,3.1.1,,2.0x,Percentages are missing for one or more recipient countries.,,{me:iati-url(https://drive.google.com/file/d/18P3vSUKK2iWCnXCrORDVAHR8K_EIg8Pp/view)},iati-activity[(recipient-country and not(recipient-region))],count($group[not(@percentage)]) > 0
geo,3.1.2,,2.0x,Percentages for recipient countries must add up to 100%.,,{me:iati-url(https://drive.google.com/file/d/18P3vSUKK2iWCnXCrORDVAHR8K_EIg8Pp/view)},iati-activity[(recipient-country and not(recipient-region))],abs(sum($group/@percentage[. castable as xs:decimal])-100) > 0.0101
geo,3.1.4,,2.0x,"For a single recipient country, the percentage must either be omitted, or set to 100.",,{me:iati-url(https://drive.google.com/file/d/18P3vSUKK2iWCnXCrORDVAHR8K_EIg8Pp/view)},iati-activity[(recipient-country and not(recipient-region))],$group/@percentage and $group/@percentage castable as xs:decimal and xs:decimal($group/@percentage) !=100
geo,3.4.1,,2.0x,Percentages are missing for one or more recipient countries or regions.,,{me:iati-url(https://drive.google.com/file/d/18P3vSUKK2iWCnXCrORDVAHR8K_EIg8Pp/view)},iati-activity[recipient-region],count($group[not(@percentage)]) > 0
geo,3.4.2,,2.0x,Percentages for recipient countries or regions must add up to 100%.,,{me:iati-url(https://drive.google.com/file/d/18P3vSUKK2iWCnXCrORDVAHR8K_EIg8Pp/view)},iati-activity[recipient-region],abs(sum($group/@percentage[. castable as xs:decimal])-100) > 0.0101
geo,3.4.4,,2.0x,"For a single recipient country or region, the percentage must either be omitted, or set to 100.",,{me:iati-url(https://drive.google.com/file/d/18P3vSUKK2iWCnXCrORDVAHR8K_EIg8Pp/view)},iati-activity[recipient-region],$group/@percentage and $group/@percentage castable as xs:decimal and xs:decimal($group/@percentage) !=100
financial,3.6.2,Error,iati,"If the activity has recipient-country or recipient-region information, none of the transactions should have a recipient-country or recipient-region.",,https://drive.google.com/file/d/1E3hztk6gWTW5DypLELeSwW5X-Ahg0yjm/view,iati-activity[recipient-country or recipient-region],transaction/recipient-country or transaction/recipient-region
geo,3.7.1,Error,iati,The activity should have recipient-country or recipient-region information for either the activity or for all transactions.,,https://drive.google.com/file/d/18P3vSUKK2iWCnXCrORDVAHR8K_EIg8Pp/view,iati-activity[not(recipient-country or recipient-region)],not(transaction[recipient-country or recipient-region])
geo,3.7.2,Error,iati,"If transactions have a recipient-country or recipient-region, they must be used for all transactions.",,https://drive.google.com/file/d/18P3vSUKK2iWCnXCrORDVAHR8K_EIg8Pp/view,iati-activity[not(recipient-country or recipient-region)],transaction[not(recipient-country or recipient-region)]
information,4.1.1,Error,iati,"The activity should specify a default language, or the language must be specified for each narrative element.",,{me:iati-url('codelists/Language/')},iati-activity,not(./@xml:lang) and descendant::narrative[not(@xml:lang)]
information,4.3.1,Error,,The title has no narrative content.,,me:iati-url('{activity-standard/iati-activities/iati-activity/title/}'),title,not($itemnode/narrative) or not($itemnode/narrative[functx:trim(.)!=''])
information,4.4.1,Error,,The description has no narrative content.,,me:iati-url('{activity-standard/iati-activities/iati-activity/title/}'),description,not($itemnode/narrative) or not($itemnode/narrative[functx:trim(.)!=''])
organisation,4.5.1,Error,iati,"The organisation should specify a default language, or the language should be specified for each narrative element.",,{me:iati-url('codelists/Language/')},iati-organisation,not(./@xml:lang) and descendant::narrative[not(@xml:lang)]
documents,6.1.4,Error,iati,"Document Link must have a specified language, or the Activity must have a default language.",,https://drive.google.com/file/d/1TI9PU5dyyRE2IzervFPUZz_Xfue16xYC/view?usp=sharing,document-link[ancestor::iati-activity[not(@xml:lang)]],not(language) or not(language/@code) or language/@code=''
documents,6.1.5,Error,iati,The document format must be present.,,https://drive.google.com/file/d/1TI9PU5dyyRE2IzervFPUZz_Xfue16xYC/view?usp=sharing,document-link,not(@format) or @format=''
participating,6.10.1,Error,iati,The participating organisation must have an identifier or a narrative.,,https://drive.google.com/file/d/1BOJTMbKxDZJldIBsw71mkomYPm_lkNJi/view,participating-org,not(@ref) and not(narrative)
information,6.11.1,Error,iati,The activity must have a planned or actual start date.,,https://drive.google.com/file/d/1-R-xGMCrAKiadMBIHsNc4Xvl75CB0IV1/view,iati-activity,"not(activity-date[@type=('1', '2')])"
classifications,6.13.1,Error,iati,"When using a reporting organisation policy marker, it must include a narrative.",,https://drive.google.com/file/d/15JQzYc4rUNqwtP-nmtY7h9tHB2i_Isw7/view,policy-marker[@vocabulary='99'],not(narrative)
classifications,6.14.1,Error,iati,"When using a policy marker for vocabulary 1, it must include a significance.",,https://drive.google.com/file/d/15JQzYc4rUNqwtP-nmtY7h9tHB2i_Isw7/view,policy-marker[(@vocabulary='1') or not(@vocabulary)],not(@significance)
documents,6.16.4,Error,iati,"Document Link must have a specified language, or the Organisation must have a default language.",,https://drive.google.com/file/d/1TI9PU5dyyRE2IzervFPUZz_Xfue16xYC/view,document-link[ancestor::iati-organisation[not(@xml:lang)]],not(language) or not(language/@code) or language/@code=''
information,6.2.1,Error,iati,Activity Status must be present.,,https://drive.google.com/file/d/1-R-xGMCrAKiadMBIHsNc4Xvl75CB0IV1/view,iati-activity,not(activity-status)
classifications,6.2.2,Error,iati,"Each activity must have a specified Sector Classification, at either activity level, or for ALL transactions.",,https://drive.google.com/file/d/1GNnjeqDIyWwuuIkJ8pMjLhE99R_olSJP/view,iati-activity[not(sector)],not(transaction[sector])
identifiers,6.3.1,Error,iati,Organisation Type must be present.,,,reporting-org,not(@type) or @type=''
classifications,6.6.2,Error,iati,Sectors are present at both the activity AND transaction level. Sectors should only be present at activity OR transaction level.,,https://drive.google.com/file/d/1GNnjeqDIyWwuuIkJ8pMjLhE99R_olSJP/view,iati-activity[sector],transaction/sector
classifications,6.7.2,Error,iati,"If transactions have a sector classification, they must be used for all transactions.",,https://drive.google.com/file/d/1GNnjeqDIyWwuuIkJ8pMjLhE99R_olSJP/view,iati-activity[not(sector)],transaction[not(sector)]
information,6.8.1,Error,iati,The owner organisation must have an identifier or a narrative.,,,owner-org,not(@ref) and not(narrative)
financial,6.9.1,Error,iati,The organisation must have an identifier or a narrative.,,,provider-org|receiver-org,not(@ref) and not(narrative)
financial,7.5.2,Error,iati,Budget Value must include a Value Date.,,https://drive.google.com/file/d/1vB3vk7gbnADwG1S8A1bRDd8mK-nOfwCh/view?usp=drive_open,budget,not(value/@value-date)
financial,7.5.3,Error,iati,Budget Period must not be longer than one year.,,https://drive.google.com/file/d/1vB3vk7gbnADwG1S8A1bRDd8mK-nOfwCh/view?usp=drive_open,budget|total-budget|total-expenditure|recipient-country-budget|recipient-region-budget|recipient-org-budget,xs:date(period-start/@iso-date) + xs:yearMonthDuration('P1Y') lt xs:date(period-end/@iso-date)
financial,7.8.1,Error,iati,"The Value must have a specified Currency, or the Activity must have a default Currency.",,me:iati-url('codelists/Currency/'),value|loan-status|forecast,(not(@currency) or currency='') and (not(ancestor::iati-activity/@default-currency) or ancestor::iati-activity/@default-currency='')
financial,7.9.1,,,"Percentages are missing for one or more country budget items, within a vocabulary (e.g. 4 - Reporting Organisation).",,{me:iati-url(activity-standard/iati-activities/iati-activity/country-budget-items/budget-item/)},iati-activity[country-budget-items],count($group[not(@percentage)]) > 0
financial,7.9.2,,,"Percentages for country budget items, within a vocabulary (e.g. 4 - Reporting Organisation) must add up to 100%.",,{me:iati-url(activity-standard/iati-activities/iati-activity/country-budget-items/budget-item/)},iati-activity[country-budget-items],abs(sum($group/@percentage[. castable as xs:decimal])-100) > 0.0101
financial,7.9.4,,,"For a single country budget item, the percentage must either be omitted, or set to 100.",,{me:iati-url(activity-standard/iati-activities/iati-activity/country-budget-items/budget-item/)},iati-activity[country-budget-items],$group/@percentage and $group/@percentage castable as xs:decimal and xs:decimal($group/@percentage) !=100
performance,8.10.1,Error,iati:2.03,"The actual must have a value when indicator measure is unit (1), percentage (2), nominal (3) or ordinal (4).",,me:iati-url('activity-standard/iati-activities/iati-activity/result/indicator/period/actual/'),"actual[../../@measure=('1', '2', '3', '4')]",not(@value)
performance,8.10.2,Warning,iati:2.03,The @value should be a valid number for all non-qualitative measures.,,me:iati-url('activity-standard/iati-activities/iati-activity/result/indicator/period/actual/'),"actual[../../@measure=('1', '2', '3', '4')]",not(@value castable as xs:decimal)
performance,8.10.3,Warning,iati:2.03,The @value should be omitted for qualitative measures.,,me:iati-url('activity-standard/iati-activities/iati-activity/result/indicator/period/actual/'),actual[../../@measure=('5')],@value
performance,8.11.1,Error,iati,"If a result has a reference code, the indicator must not have a reference code.",,me:iati-url('activity-standard/iati-activities/iati-activity/result/indicator/reference/'),indicator[reference],../reference
performance,8.6.1,Error,iati,The start of the period must be before the end of the period.,,me:iati-url('activity-standard/iati-activities/iati-activity/result/indicator/period/period-start/'),period,period-start/@iso-date gt period-end/@iso-date
financial,8.6.3,Error,iati,The start of the period must be before the end of the period.,,https://drive.google.com/file/d/1mv2Q666tKBOAoiy5JayslmZNetxDM1uu/view,budget|total-budget|total-expenditure|recipient-org-budget|recipient-country-budget|recipient-region-budget|planned-disbursement,period-start/@iso-date gt period-end/@iso-date
performance,8.8.1,Error,iati:2.03,"The baseline must have a value when indicator measure is unit (1), percentage (2), nominal (3) or ordinal (4).",,me:iati-url('activity-standard/iati-activities/iati-activity/result/indicator/baseline/'),"baseline[../@measure=('1', '2', '3', '4')]",not(@value)
performance,8.8.2,Warning,iati:2.03,The @value should be a valid number for all non-qualitative measures.,,me:iati-url('activity-standard/iati-activities/iati-activity/result/indicator/baseline/'),"baseline[../@measure=('1', '2', '3', '4')]",not(@value castable as xs:decimal)
performance,8.8.3,Warning,iati:2.03,The @value should be omitted for qualitative measures.,,me:iati-url('activity-standard/iati-activities/iati-activity/result/indicator/baseline/'),baseline[../@measure=('5')],@value
performance,8.9.1,Error,iati:2.03,"The target must have a value when indicator measure is unit (1), percentage (2), nominal (3) or ordinal (4).",,me:iati-url('activity-standard/iati-activities/iati-activity/result/indicator/period/target/'),"target[../../@measure=('1', '2', '3', '4')]",not(@value)
performance,8.9.2,Warning,iati:2.03,The @value should be a valid number for all non-qualitative measures.,,me:iati-url('activity-standard/iati-activities/iati-activity/result/indicator/period/target/'),"target[../../@measure=('1', '2', '3', '4')]",not(@value castable as xs:decimal)
performance,8.9.3,Warning,iati:2.03,The @value should be omitted for qualitative measures.,,me:iati-url('activity-standard/iati-activities/iati-activity/result/indicator/period/target/'),target[../../@measure=('5')],@value
iati,9.1.1,Error,iati,The IATI version of the dataset is not a valid version number.,,{me:iati-url('codelists/Version/')},//iati-activities/@version,"me:codeListFail(., 'Version', $iati-version)"
classifications,9.10.1,Error,iati,The collaboration type is invalid.,,{me:iati-url('codelists/CollaborationType/')},//iati-activity/collaboration-type/@code,"me:codeListFail(., 'CollaborationType', $iati-version)"
documents,9.100.1,Error,iati,The language code is invalid.,,{me:iati-url('codelists/Language/')},//iati-organisation/document-link/language/@code,"me:codeListFail(., 'Language', $iati-version)"
documents,9.101.1,Error,iati,The recipient country code is invalid.,,{me:iati-url('codelists/Country/')},//iati-organisation/document-link/recipient-country/@code,"me:codeListFail(., 'Country', $iati-version)"
financial,9.102.1,Error,iati,The budget status is invalid.,,{me:iati-url('codelists/BudgetStatus/')},//iati-organisation/recipient-country-budget/@status,"me:codeListFail(., 'BudgetStatus', $iati-version)"
financial,9.103.1,Error,iati,The recipient country code is invalid.,,{me:iati-url('codelists/Country/')},//iati-organisation/recipient-country-budget/recipient-country/@code,"me:codeListFail(., 'Country', $iati-version)"
financial,9.104.1,Error,iati,The currency code is invalid.,,{me:iati-url('codelists/Currency/')},//iati-organisation/recipient-country-budget/value/@currency,"me:codeListFail(., 'Currency', $iati-version)"
financial,9.105.1,Error,iati,The budget status is invalid.,,{me:iati-url('codelists/BudgetStatus/')},//iati-organisation/recipient-org-budget/@status,"me:codeListFail(., 'BudgetStatus', $iati-version)"
financial,9.106.1,Error,iati,The currency code is invalid.,,{me:iati-url('codelists/Currency/')},//iati-organisation/recipient-org-budget/value/@currency,"me:codeListFail(., 'Currency', $iati-version)"
financial,9.107.1,Error,iati,The budget status is invalid.,,{me:iati-url('codelists/BudgetStatus/')},//iati-organisation/recipient-region-budget/@status,"me:codeListFail(., 'BudgetStatus', $iati-version)"
financial,9.108.1,Error,iati,The recipient region budget code is invalid.,,{me:iati-url('codelists/Region/')},//iati-organisation/recipient-region-budget/recipient-region[@vocabulary = '1' or not(@vocabulary)]/@code,"me:codeListFail(., 'Region', $iati-version)"
geo,9.109.1,Error,iati,The recipient region vocabulary is invalid.,,{me:iati-url('codelists/RegionVocabulary/')},//iati-organisation/recipient-region-budget/recipient-region/@vocabulary,"me:codeListFail(., 'RegionVocabulary', $iati-version)"
performance,9.11.1,Error,iati,The condition type is invalid.,,{me:iati-url('codelists/ConditionType/')},//iati-activity/conditions/condition/@type,"me:codeListFail(., 'ConditionType', $iati-version)"
geo,9.110.1,Error,iati,The currency code is invalid.,,{me:iati-url('codelists/Currency/')},//iati-organisation/recipient-region-budget/budget-line/value/@currency,"me:codeListFail(., 'Currency', $iati-version)"
geo,9.111.1,Error,iati,The currency code is invalid.,,{me:iati-url('codelists/Currency/')},//iati-organisation/recipient-region-budget/value/@currency,"me:codeListFail(., 'Currency', $iati-version)"
information,9.112.1,Error,iati,The organisation type is invalid.,,{me:iati-url('codelists/OrganisationType/')},//iati-organisation/reporting-org/@type,"me:codeListFail(., 'OrganisationType', $iati-version)"
financial,9.113.1,Error,iati,The budget status is invalid.,,{me:iati-url('codelists/BudgetStatus/')},//iati-organisation/total-budget/@status,"me:codeListFail(., 'BudgetStatus', $iati-version)"
financial,9.114.1,Error,iati,The currency code is invalid.,,{me:iati-url('codelists/Currency/')},//iati-organisation/total-budget/value/@currency,"me:codeListFail(., 'Currency', $iati-version)"
iati,9.116.1,Error,iati,The AidType flag is invalid.,,{me:iati-url('codelists/AidTypeFlag/')},//iati-activity/crs-add/aidtype-flag/@code,"me:codeListFail(., 'AidTypeFlag', $iati-version)"
geo,9.117.1,Error,iati,The country code is invalid.,,{me:iati-url('codelists/Country/')},//iati-activity/location/administrative[@vocabulary = 'A4']/@code,"me:codeListFail(., 'Country', $iati-version)"
geo,9.118.1,Error,iati,The geographical precision code is invalid.,,{me:iati-url('codelists/GeographicalPrecision/')},//iati-activity/location/coordinates/@precision,"me:codeListFail(., 'GeographicalPrecision', $iati-version)"
geo,9.119.1,Error,iati,The gazetteer agency code is invalid.,,{me:iati-url('codelists/GazetteerAgency/')},//iati-activity/location/gazetteer-entry/@gazetteer-ref,"me:codeListFail(., 'GazetteerAgency', $iati-version)"
information,9.12.1,Error,iati,The contact information type is invalid.,,{me:iati-url('codelists/ContactType/')},//iati-activity/contact-info/@type,"me:codeListFail(., 'ContactType', $iati-version)"
geo,9.120.1,Error,iati,The location type code is invalid.,,{me:iati-url('codelists/LocationType/')},//iati-activity/location/feature-designation/@code,"me:codeListFail(., 'LocationType', $iati-version)"
financial,9.122.1,Error,iati,The currency code is invalid.,,{me:iati-url('codelists/Currency/')},//iati-organisation/recipient-country-budget/budget-line/value/@currency,"me:codeListFail(., 'Currency', $iati-version)"
financial,9.123.1,Error,iati,The currency code is invalid.,,{me:iati-url('codelists/Currency/')},//iati-organisation/recipient-org-budget/budget-line/value/@currency,"me:codeListFail(., 'Currency', $iati-version)"
financial,9.124.1,Error,iati,The DAC3 sector code is invalid.,,{me:iati-url('codelists/SectorCategory/')},//iati-activity/transaction/sector[@vocabulary = '2']/@code,"me:codeListFail(., 'SectorCategory', $iati-version)"
iati,9.125.1,Error,iati,The UNSDG goal code is invalid.,,{me:iati-url('codelists/UNSDG-Goals/')},//iati-activity/tag[@vocabulary = '2']/@code,"me:codeListFail(., 'UNSDG-Goals', $iati-version)"
iati,9.126.1,Error,iati,The UNSDG target code is invalid.,,{me:iati-url('codelists/UNSDG-Targets/')},//iati-activity/tag[@vocabulary = '3']/@code,"me:codeListFail(., 'UNSDG-Targets', $iati-version)"
iati,9.127.1,Error,iati,The earmarking category code is invalid.,,{me:iati-url('codelists/EarmarkingCategory/')},//iati-activity/default-aid-type[@vocabulary = '2']/@code,"me:codeListFail(., 'EarmarkingCategory', $iati-version)"
iati,9.128.1,Error,iati,The cash and voucher modality code is invalid.,,{me:iati-url('codelists/CashandVoucherModalities/')},//iati-activity/default-aid-type[@vocabulary = '4']/@code,"me:codeListFail(., 'CashandVoucherModalities', $iati-version)"
classifications,9.13.1,Error,iati,The country budget identifier vocabulary is invalid.,,{me:iati-url('codelists/BudgetIdentifierVocabulary/')},//iati-activity/country-budget-items/@vocabulary,"me:codeListFail(., 'BudgetIdentifierVocabulary', $iati-version)"
classifications,9.14.1,Error,iati,The country budget identifier does not exist.,,{me:iati-url('codelists/BudgetIdentifier/')},//iati-activity/country-budget-items/budget-item[../@vocabulary = '1']/@code,"($iati-version != '2.03') and me:codeListFail(., 'BudgetIdentifier', $iati-version)"
classifications,9.15.1,Error,iati,The country budget item description type is invalid.,,{me:iati-url('codelists/DescriptionType/')},//iati-activity/country-budget-items/budget-item/description/@type,"me:codeListFail(., 'DescriptionType', $iati-version)"
classifications,9.16.1,Error,iati,The CRS channel code is invalid.,,{me:iati-url('codelists/CRSChannelCode/')},//iati-activity/crs-add/channel-code/text(),"me:codeListFail(., 'CRSChannelCode', $iati-version)"
classifications,9.17.1,Error,iati,The CRS other flag code is invalid.,,{me:iati-url('codelists/CRSAddOtherFlags/')},//iati-activity/crs-add/other-flags/@code,"me:codeListFail(., 'CRSAddOtherFlags', $iati-version)"
classifications,9.18.1,Error,iati,The currency code is invalid.,,{me:iati-url('codelists/Currency/')},//iati-activity/crs-add/loan-status/@currency,"me:codeListFail(., 'Currency', $iati-version)"
classifications,9.19.1,Error,iati,The repayment plan code is invalid.,,{me:iati-url('codelists/LoanRepaymentPeriod/')},//iati-activity/crs-add/loan-terms/repayment-plan/@code,"me:codeListFail(., 'LoanRepaymentPeriod', $iati-version)"
financial,9.2.1,Error,iati,The code to indicate why no budget is provided is invalid.,,{me:iati-url('codelists/BudgetNotProvided/')},//iati-activity/@budget-not-provided,"me:codeListFail(., 'BudgetNotProvided', $iati-version)"
classifications,9.20.1,Error,iati,The repayment type is invalid.,,{me:iati-url('codelists/LoanRepaymentType/')},//iati-activity/crs-add/loan-terms/repayment-type/@code,"me:codeListFail(., 'LoanRepaymentType', $iati-version)"
classifications,9.21.1,Error,iati,The default aid type is invalid.,,{me:iati-url('codelists/AidType/')},//iati-activity/default-aid-type[@vocabulary = '1' or not(@vocabulary)]/@code,"me:codeListFail(., 'AidType', $iati-version)"
classifications,9.22.1,Error,iati,The default aid type vocabulary is invalid.,,{me:iati-url('codelists/AidTypeVocabulary/')},//iati-activity/default-aid-type/@vocabulary,"me:codeListFail(., 'AidTypeVocabulary', $iati-version)"
classifications,9.23.1,Error,iati,The default finance type is invalid.,,{me:iati-url('codelists/FinanceType/')},//iati-activity/default-finance-type/@code,"me:codeListFail(., 'FinanceType', $iati-version)"
classifications,9.24.1,Error,iati,The default flow type is invalid.,,{me:iati-url('codelists/FlowType/')},//iati-activity/default-flow-type/@code,"me:codeListFail(., 'FlowType', $iati-version)"
classifications,9.25.1,Error,iati,The default tied aid status code is invalid.,,{me:iati-url('codelists/TiedStatus/')},//iati-activity/default-tied-status/@code,"me:codeListFail(., 'TiedStatus', $iati-version)"
information,9.26.1,Error,iati,The description type is invalid.,,{me:iati-url('codelists/DescriptionType/')},//iati-activity/description/@type,"me:codeListFail(., 'DescriptionType', $iati-version)"
documents,9.27.1,Error,iati,The document format is invalid.,,{me:iati-url('codelists/FileFormat/')},//iati-activity/document-link/@format,"me:codeListFail(., 'FileFormat', $iati-version)"
documents,9.28.1,Error,iati,The document category code is invalid.,,{me:iati-url('codelists/DocumentCategory/')},//iati-activity/document-link/category/@code,"me:codeListFail(., 'DocumentCategory', $iati-version)"
documents,9.29.1,Error,iati,The document language code is invalid.,,{me:iati-url('codelists/Language/')},//iati-activity/document-link/language/@code,"me:codeListFail(., 'Language', $iati-version)"
financial,9.3.1,Error,iati,The default currency code is invalid.,,{me:iati-url('codelists/Currency/')},//iati-activity/@default-currency,"me:codeListFail(., 'Currency', $iati-version)"
financial,9.30.1,Error,iati,The currency code is invalid.,,{me:iati-url('codelists/Currency/')},//iati-activity/fss/forecast/@currency,"me:codeListFail(., 'Currency', $iati-version)"
classifications,9.31.1,Error,iati,The humanitarian scope type is invalid.,,{me:iati-url('codelists/HumanitarianScopeType/')},//iati-activity/humanitarian-scope/@type,"me:codeListFail(., 'HumanitarianScopeType', $iati-version)"
classifications,9.32.1,Error,iati,The humanitarian scope vocabulary is invalid.,,{me:iati-url('codelists/HumanitarianScopeVocabulary/')},//iati-activity/humanitarian-scope/@vocabulary,"me:codeListFail(., 'HumanitarianScopeVocabulary', $iati-version)"
geo,9.33.1,Error,iati,The location's administrative vocabulary is invalid.,,{me:iati-url('codelists/GeographicVocabulary/')},//iati-activity/location/administrative/@vocabulary,"me:codeListFail(., 'GeographicVocabulary', $iati-version)"
geo,9.34.1,Error,iati,The location's feature designation code is invalid.,,{me:iati-url('codelists/LocationType/')},//iati-activity/location/feature-designation/@code,"me:codeListFail(., 'LocationType', $iati-version)"
geo,9.35.1,Error,iati,The location class code is invalid.,,{me:iati-url('codelists/GeographicLocationClass/')},//iati-activity/location/location-class/@code,"me:codeListFail(., 'GeographicLocationClass', $iati-version)"
geo,9.36.1,Error,iati,The location identifier vocabulary is invalid.,,{me:iati-url('codelists/GeographicVocabulary/')},//iati-activity/location/location-id/@vocabulary,"me:codeListFail(., 'GeographicVocabulary', $iati-version)"
geo,9.37.1,Error,iati,The location reach code is invalid.,,{me:iati-url('codelists/GeographicLocationReach/')},//iati-activity/location/location-reach/@code,"me:codeListFail(., 'GeographicLocationReach', $iati-version)"
geo,9.38.1,Error,iati,The location exactness code is invalid.,,{me:iati-url('codelists/GeographicExactness/')},//iati-activity/location/exactness/@code,"me:codeListFail(., 'GeographicExactness', $iati-version)"
identifiers,9.39.1,Error,iati,"The ""other identifier"" type is invalid.",,{me:iati-url('codelists/OtherIdentifierType/')},//iati-activity/other-identifier/@type,"me:codeListFail(., 'OtherIdentifierType', $iati-version)"
information,9.4.1,Error,iati,The activity date type is invalid.,,{me:iati-url('codelists/ActivityDateType/')},//iati-activity/activity-date/@type,"me:codeListFail(., 'ActivityDateType', $iati-version)"
participating,9.40.1,Error,iati,The CRS channel code is invalid.,,{me:iati-url('codelists/CRSChannelCode/')},//iati-activity/participating-org/@crs-channel-code,"me:codeListFail(., 'CRSChannelCode', $iati-version)"
participating,9.41.1,Error,iati,The organisation role is invalid.,,{me:iati-url('codelists/OrganisationRole/')},//iati-activity/participating-org/@role,"me:codeListFail(., 'OrganisationRole', $iati-version)"
participating,9.42.1,Error,iati,The organisation type is invalid.,,{me:iati-url('codelists/OrganisationType/')},//iati-activity/participating-org/@type,"me:codeListFail(., 'OrganisationType', $iati-version)"
financial,9.43.1,Error,iati,The planned disbursement budget type is invalid.,,{me:iati-url('codelists/BudgetType/')},//iati-activity/planned-disbursement/@type,"me:codeListFail(., 'BudgetType', $iati-version)"
financial,9.44.1,Error,iati,The organisation type is invalid.,,{me:iati-url('codelists/OrganisationType/')},//iati-activity/planned-disbursement/provider-org/@type,"me:codeListFail(., 'OrganisationType', $iati-version)"
financial,9.45.1,Error,iati,The organisation type is invalid.,,{me:iati-url('codelists/OrganisationType/')},//iati-activity/planned-disbursement/receiver-org/@type,"me:codeListFail(., 'OrganisationType', $iati-version)"
financial,9.46.1,Error,iati,The currency code is invalid.,,{me:iati-url('codelists/Currency/')},//iati-activity/planned-disbursement/value/@currency,"me:codeListFail(., 'Currency', $iati-version)"
classifications,9.47.1,Error,iati,The policy marker code is invalid.,,{me:iati-url('codelists/PolicyMarker/')},//iati-activity/policy-marker[@vocabulary = '1' or not(@vocabulary)]/@code,"me:codeListFail(., 'PolicyMarker', $iati-version)"
classifications,9.48.1,Error,iati,The policy marker significance is invalid.,,{me:iati-url('codelists/PolicySignificance/')},//iati-activity/policy-marker/@significance,"me:codeListFail(., 'PolicySignificance', $iati-version)"
classifications,9.49.1,Error,iati,The policy marker vocabulary is invalid.,,{me:iati-url('codelists/PolicyMarkerVocabulary/')},//iati-activity/policy-marker/@vocabulary,"me:codeListFail(., 'PolicyMarkerVocabulary', $iati-version)"
information,9.5.1,Error,iati,The activity status code is invalid.,,{me:iati-url('codelists/ActivityStatus/')},//iati-activity/activity-status/@code,"me:codeListFail(., 'ActivityStatus', $iati-version)"
geo,9.50.1,Error,iati,The recipient country code is invalid.,,{me:iati-url('codelists/Country/')},//iati-activity/recipient-country/@code,"me:codeListFail(., 'Country', $iati-version)"
geo,9.51.1,Error,iati,The recipient region code is invalid.,,{me:iati-url('codelists/Region/')},//iati-activity/recipient-region[@vocabulary = '1' or not(@vocabulary)]/@code,"me:codeListFail(., 'Region', $iati-version)"
geo,9.52.1,Error,iati,The recipient region vocabulary is invalid.,,{me:iati-url('codelists/RegionVocabulary/')},//iati-activity/recipient-region/@vocabulary,"me:codeListFail(., 'RegionVocabulary', $iati-version)"
relations,9.53.1,Error,iati,The related activity type is invalid.,,{me:iati-url('codelists/RelatedActivityType/')},//iati-activity/related-activity/@type,"me:codeListFail(., 'RelatedActivityType', $iati-version)"
identifiers,9.54.1,Error,iati,The organisation type is invalid.,,{me:iati-url('codelists/OrganisationType/')},//iati-activity/reporting-org/@type,"me:codeListFail(., 'OrganisationType', $iati-version)"
performance,9.55.1,Error,iati,The result type is invalid.,,{me:iati-url('codelists/ResultType/')},//iati-activity/result/@type,"me:codeListFail(., 'ResultType', $iati-version)"
performance,9.56.1,Error,iati,The result description type is invalid.,,{me:iati-url('codelists/DescriptionType/')},//iati-activity/result/description/@type,"me:codeListFail(., 'DescriptionType', $iati-version)"
performance,9.57.1,Error,iati,The document format is invalid.,,{me:iati-url('codelists/FileFormat/')},//iati-activity/result/document-link/@format,"me:codeListFail(., 'FileFormat', $iati-version)"
performance,9.58.1,Error,iati,The document category code is invalid.,,{me:iati-url('codelists/DocumentCategory/')},//iati-activity/result/document-link/category/@code,"me:codeListFail(., 'DocumentCategory', $iati-version)"
performance,9.59.1,Error,iati,The language code is invalid.,,{me:iati-url('codelists/Language/')},//iati-activity/result/document-link/language/@code,"me:codeListFail(., 'Language', $iati-version)"
information,9.6.1,Error,iati,The activity scope code is invalid.,,{me:iati-url('codelists/ActivityScope/')},//iati-activity/activity-scope/@code,"me:codeListFail(., 'ActivityScope', $iati-version)"
performance,9.60.1,Error,iati,The indicator measure is invalid.,,{me:iati-url('codelists/IndicatorMeasure/')},//iati-activity/result/indicator/@measure,"me:codeListFail(., 'IndicatorMeasure', $iati-version)"
performance,9.61.1,Error,iati,The document format is invalid.,,{me:iati-url('codelists/FileFormat/')},//iati-activity/result/indicator/baseline/document-link/@format,"me:codeListFail(., 'FileFormat', $iati-version)"
performance,9.62.1,Error,iati,The document category code is invalid.,,{me:iati-url('codelists/DocumentCategory/')},//iati-activity/result/indicator/baseline/document-link/category/@code,"me:codeListFail(., 'DocumentCategory', $iati-version)"
performance,9.63.1,Error,iati,The language code is invalid.,,{me:iati-url('codelists/Language/')},//iati-activity/result/indicator/baseline/document-link/language/@code,"me:codeListFail(., 'Language', $iati-version)"
performance,9.64.1,Error,iati,The indicator description type is invalid.,,{me:iati-url('codelists/DescriptionType/')},//iati-activity/result/indicator/description/@type,"me:codeListFail(., 'DescriptionType', $iati-version)"
performance,9.65.1,Error,iati,The document format is invalid.,,{me:iati-url('codelists/FileFormat/')},//iati-activity/result/indicator/document-link/@format,"me:codeListFail(., 'FileFormat', $iati-version)"
performance,9.66.1,Error,iati,The document category code is invalid.,,{me:iati-url('codelists/DocumentCategory/')},//iati-activity/result/indicator/document-link/category/@code,"me:codeListFail(., 'DocumentCategory', $iati-version)"
performance,9.67.1,Error,iati,The language code is invalid.,,{me:iati-url('codelists/Language/')},//iati-activity/result/indicator/document-link/language/@code,"me:codeListFail(., 'Language', $iati-version)"
performance,9.68.1,Error,iati,The document format is invalid.,,{me:iati-url('codelists/FileFormat/')},//iati-activity/result/indicator/period/actual/document-link/@format,"me:codeListFail(., 'FileFormat', $iati-version)"
performance,9.69.1,Error,iati,The document category code is invalid.,,{me:iati-url('codelists/DocumentCategory/')},//iati-activity/result/indicator/period/actual/document-link/category/@code,"me:codeListFail(., 'DocumentCategory', $iati-version)"
financial,9.7.1,Error,iati,The budget status is invalid.,,{me:iati-url('codelists/BudgetStatus/')},//iati-activity/budget/@status,"me:codeListFail(., 'BudgetStatus', $iati-version)"
performance,9.70.1,Error,iati,The language code is invalid.,,{me:iati-url('codelists/Language/')},//iati-activity/result/indicator/period/actual/document-link/language/@code,"me:codeListFail(., 'Language', $iati-version)"
performance,9.71.1,Error,iati,The document format is invalid.,,{me:iati-url('codelists/FileFormat/')},//iati-activity/result/indicator/period/target/document-link/@format,"me:codeListFail(., 'FileFormat', $iati-version)"
performance,9.72.1,Error,iati,The document category code is invalid.,,{me:iati-url('codelists/DocumentCategory/')},//iati-activity/result/indicator/period/target/document-link/category/@code,"me:codeListFail(., 'DocumentCategory', $iati-version)"
performance,9.73.1,Error,iati,The language code is invalid.,,{me:iati-url('codelists/Language/')},//iati-activity/result/indicator/period/target/document-link/language/@code,"me:codeListFail(., 'Language', $iati-version)"
performance,9.74.1,Error,iati,The indicator reference code vocabulary is invalid.,,{me:iati-url('codelists/IndicatorVocabulary/')},//iati-activity/result/indicator/reference/@vocabulary,"me:codeListFail(., 'IndicatorVocabulary', $iati-version)"
performance,9.75.1,Error,iati,The result reference code vocabulary is invalid.,,{me:iati-url('codelists/ResultVocabulary/')},//iati-activity/result/reference/@vocabulary,"me:codeListFail(., 'ResultVocabulary', $iati-version)"
classifications,9.76.1,Error,iati,The OECD DAC sector is invalid.,,{me:iati-url('codelists/Sector/')},"//iati-activity/sector[@vocabulary = ('1', 'DAC') or not(@vocabulary)]/@code","me:codeListFail(., 'Sector', $iati-version)"
classifications,9.77.1,Error,iati,The OECD DAC category is invalid.,,{me:iati-url('codelists/SectorCategory/')},//iati-activity/sector[@vocabulary = '2']/@code,"me:codeListFail(., 'SectorCategory', $iati-version)"
classifications,9.78.1,Error,iati,The sector vocabulary is invalid.,,{me:iati-url('codelists/SectorVocabulary/')},//iati-activity/sector/@vocabulary,"me:codeListFail(., 'SectorVocabulary', $iati-version)"
classifications,9.79.1,Error,iati,The tag vocabulary is invalid.,,{me:iati-url('codelists/TagVocabulary/')},//iati-activity/tag/@vocabulary,"me:codeListFail(., 'TagVocabulary', $iati-version)"
financial,9.8.1,Error,iati,The budget type is invalid.,,{me:iati-url('codelists/BudgetType/')},//iati-activity/budget/@type,"me:codeListFail(., 'BudgetType', $iati-version)"
financial,9.80.1,Error,iati,The aid type is invalid.,,{me:iati-url('codelists/AidType/')},//iati-activity/transaction/aid-type[@vocabulary = '1' or not(@vocabulary)]/@code,"me:codeListFail(., 'AidType', $iati-version)"
financial,9.81.1,Error,iati,The aid type vocabulary is invalid.,,{me:iati-url('codelists/AidTypeVocabulary/')},//iati-activity/transaction/aid-type/@vocabulary,"me:codeListFail(., 'AidTypeVocabulary', $iati-version)"
financial,9.82.1,Error,iati,The disbursement channel code is invalid.,,{me:iati-url('codelists/DisbursementChannel/')},//iati-activity/transaction/disbursement-channel/@code,"me:codeListFail(., 'DisbursementChannel', $iati-version)"
financial,9.83.1,Error,iati,The finance type is invalid.,,{me:iati-url('codelists/FinanceType/')},//iati-activity/transaction/finance-type/@code,"me:codeListFail(., 'FinanceType', $iati-version)"
financial,9.84.1,Error,iati,The flow type is invalid.,,{me:iati-url('codelists/FlowType/')},//iati-activity/transaction/flow-type/@code,"me:codeListFail(., 'FlowType', $iati-version)"
financial,9.85.1,Error,iati,The recipient country code is invalid.,,{me:iati-url('codelists/Country/')},//iati-activity/transaction/recipient-country/@code,"me:codeListFail(., 'Country', $iati-version)"
financial,9.86.1,Error,iati,The recipient region code is invalid.,,{me:iati-url('codelists/Region/')},//iati-activity/transaction/recipient-region[@vocabulary = '1' or not(@vocabulary)]/@code,"me:codeListFail(., 'Region', $iati-version)"
financial,9.87.1,Error,iati,The recipient region vocabulary is invalid.,,{me:iati-url('codelists/RegionVocabulary/')},//iati-activity/transaction/recipient-region/@vocabulary,"me:codeListFail(., 'RegionVocabulary', $iati-version)"
financial,9.88.1,Error,iati,The organisation type is invalid.,,{me:iati-url('codelists/OrganisationType/')},//iati-activity/transaction/provider-org/@type,"me:codeListFail(., 'OrganisationType', $iati-version)"
financial,9.89.1,Error,iati,The organisation type is invalid.,,{me:iati-url('codelists/OrganisationType/')},//iati-activity/transaction/receiver-org/@type,"me:codeListFail(., 'OrganisationType', $iati-version)"
financial,9.9.1,Error,iati,The currency code is invalid.,,{me:iati-url('codelists/Currency/')},//iati-activity/budget/value/@currency,"me:codeListFail(., 'Currency', $iati-version)"
financial,9.90.1,Error,iati,The OECD DAC sector is invalid.,,{me:iati-url('codelists/Sector/')},//iati-activity/transaction/sector[@vocabulary = '1' or not(@vocabulary)]/@code,"me:codeListFail(., 'Sector', $iati-version)"
financial,9.91.1,Error,iati,The sector vocabulary is invalid.,,{me:iati-url('codelists/SectorVocabulary/')},//iati-activity/transaction/sector/@vocabulary,"me:codeListFail(., 'SectorVocabulary', $iati-version)"
financial,9.92.1,Error,iati,The tied status code is invalid.,,{me:iati-url('codelists/TiedStatus/')},//iati-activity/transaction/tied-status/@code,"me:codeListFail(., 'TiedStatus', $iati-version)"
financial,9.93.1,Error,iati,The transaction type is invalid.,,{me:iati-url('codelists/TransactionType/')},//iati-activity/transaction/transaction-type/@code,"me:codeListFail(., 'TransactionType', $iati-version)"
financial,9.94.1,Error,iati,The currency code is invalid.,,{me:iati-url('codelists/Currency/')},//iati-activity/transaction/value/@currency,"me:codeListFail(., 'Currency', $iati-version)"
iati,9.95.1,Error,iati,The language code is invalid.,,{me:iati-url('codelists/Language/')},//@xml:lang,"me:codeListFail(., 'Language', $iati-version)"
organisation,9.96.1,Error,iati,The currency code is invalid.,,{me:iati-url('codelists/Currency/')},//iati-organisation/@default-currency,"me:codeListFail(., 'Currency', $iati-version)"
iati,9.97.1,Error,iati,The IATI version of the dataset is not a valid version number.,,{me:iati-url('codelists/Version/')},//iati-organisations/@version,"me:codeListFail(., 'Version', $iati-version)"
documents,9.98.1,Error,iati,The document format is invalid.,,{me:iati-url('codelists/FileFormat/')},//iati-organisation/document-link/@format,"me:codeListFail(., 'FileFormat', $iati-version)"
documents,9.99.1,Error,iati,The document category code is invalid.,,{me:iati-url('codelists/DocumentCategory/')},//iati-organisation/document-link/category/@code,"me:codeListFail(., 'DocumentCategory', $iati-version)"
